Gene,Score
DDX3Y,0.99613182280588
PPWD1,0.991555639338883
DDX3X,0.985618819548242
CASK,0.934785409845576
DCTN4,0.908431653428248
CSNK1A1L,0.905319929920115
WWTR1,0.896843418220277
BCL11A,0.889687280053347
SIRT7,0.867018765695078
ZFHX4,0.843361977526364
MFSD12,0.818089571940593
