Gene,Score
SNX14,0.834929476796504
C18orf8,0.81938696867878
