Gene,Score
NTRK2,0.998092314306671
ZNF208,0.968026361094572
RALGAPA1,0.91859119807682
MAP3K4,0.915378620682396
KIAA1429,0.898695050873394
DNMBP,0.895434582750432
FOXP2,0.872241983752595
FANCA,0.866656476534922
SEZ6L,0.847074564569005
C2,0.834910614437933
RNF165,0.834734032363273
JMJD8,0.833319336703883
SOX17,0.827183637901861
CTD-2162K18.4,0.802581990937517
