Gene,Score
WBSCR16,0.947610784787771
NADSYN1,0.891975347776841
EMP3,0.833731277135124
VKORC1L1,0.813727583899819
