Gene,Score
VAMP2,0.942843984181695
PIH1D1,0.890446300640435
MROH7,0.8793211154059
IMPAD1,0.847918486092465
HNF4A,0.840405619022018
AL450307.1,0.826930050427906
