Gene,Score
ATF2,0.923940202856414
PCCB,0.921859983330639
CAV1,0.921594434964582
SPC25,0.903724785895776
SRP68,0.890460385862921
AC114546.1,0.88437437590515
OSR1,0.870701030836076
TBX1,0.868699650146926
DKFZP779J2370,0.862828611315065
EREG,0.856523391005171
TBC1D9B,0.850955816958052
PSMB8,0.84925150359869
RNF217,0.838583000595624
SNRNP70,0.830711174874914
CUX2,0.829952386117875
CDKN2B,0.829952301330946
CMTM6,0.828966618414852
CLHC1,0.820182318108353
CAB39,0.81522308108774
