Gene,Score
ZDHHC21,0.996867748419935
DYNC1I2,0.952703588796932
FAM215A,0.931757418357834
KDM2B,0.928523314298005
CCDC71L,0.911985918846426
NACC2,0.899633801100672
C7orf63,0.892511710782922
SLC18A2,0.874436030552926
ADRBK1,0.871131173350179
PDSS2,0.856148277116263
IL15RA,0.844766477428974
UBE2V1,0.841532320003704
TMEM189-UBE2V1,0.841023987893116
TNRC6A,0.837802362962242
RP11-156E8.1,0.821201684190557
HHIP,0.818819099165945
ZNF804A,0.810526351444634
