Gene,Score
UGT1A4,0.963207486579603
SERTAD4,0.898534193009336
CBLN1,0.888295159297499
CTSD,0.87465340689185
AKAP8L,0.847517403680878
TOP2B,0.846097127562786
PSMD3,0.841990454485166
VPS53,0.839352469451181
TUBB3,0.836419773136865
TMEM150C,0.835665151628253
RP11-770J1.4,0.82400499084776
ENPP2,0.814054960500906
