Gene,Score
HOXA5,0.952192186392962
CCM2L,0.928523729059521
CAMTA1,0.925837974217883
GLI2,0.870056879243037
RFX8,0.866953602879485
ZSWIM8,0.853296469032133
TUBA1B,0.849703513488416
RGS1,0.841077156794712
ISLR2,0.81679929350721
DLGAP2,0.811802784348767
FKBP6,0.800321400210217
