Gene,Score
PCDH10,0.999820132943321
XPO1,0.9840057487801
LRRC9,0.976674385627114
DHX30,0.97421167881543
ENPP1,0.887992687523692
DLX5,0.881159317590829
OXSM,0.848686950990712
DHX15,0.828858745649404
FCRL4,0.818190076272063
UBBP4,0.814027514627355
XPR1,0.803180104723458
