Gene,Score
FAM215A,0.999762145187827
TRAPPC1,0.942526963925892
PUF60,0.843127625468385
NUP155,0.842931623082099
FAM19A1,0.829366299561275
IRAK2,0.827660316444518
DPT,0.805987171342904
ZNF736,0.801440275980286
RRAD,0.800031683948553
