Gene,Score
TCF7L2,0.913123752533334
DLX5,0.890634007356923
SEMA6D,0.831972099211643
RP11-286N22.8,0.819921420159135
HOXC8,0.809278516174255
