Gene,Score
FAM110B,0.994484812787143
STIM2,0.914607389837248
PTGR2,0.814633686890513
