Gene,Score
PTPN9,0.982425786221653
PLXNB2,0.915130749003669
CTD-2162K18.4,0.900046601012492
ITGA6,0.883819974359521
KANK2,0.883020854146736
ZNF556,0.874569909792251
ZNF219,0.845038145530488
SPRED1,0.822205299480971
PLK2,0.813026851508763
IRS1,0.805942142870091
