Gene,Score
ZZEF1,0.935495004261368
MTOR,0.927686623107633
HS3ST3B1,0.923451808899024
RAVER2,0.922682196542267
NOX4,0.89806073192475
SMARCA5,0.866333214059461
FZD8,0.865906869926083
ST5,0.865742948787307
KBTBD8,0.862470707952123
THAP2,0.860534440174186
HS3ST2,0.858029082306341
GMPS,0.851583769227485
PPM1H,0.845387678278484
BAZ2A,0.836984517495887
SMAD7,0.834403991459153
KDM6B,0.832259727134169
FZD5,0.830865797037714
AP1AR,0.817225037051938
RAP1B,0.810407259303663
