Gene,Score
ID4,0.912996721609214
DHX15,0.873203184517677
