Gene,Score
PTPN9,0.969193436048323
KCNU1,0.941572273112285
ZEB2,0.921078288742918
TMEM189-UBE2V1,0.908196108864147
UBE2V1,0.9079965832764
GLT8D1,0.892487729934027
CAPN7,0.892320250557284
KLHDC2,0.871747069515208
PARP8,0.868742459142892
BLM,0.864189779770864
HMGB1,0.855343566052252
CD34,0.850682767855732
ITPR2,0.839015004671616
HTR2C,0.836860472802874
ELFN2,0.836566423989665
RBM4B,0.834331812427481
PTPRK,0.817107967816994
TOB1,0.814306548403265
RBBP9,0.812505887827499
