Gene,Score
ZDBF2,0.983555017331786
LDLRAD2,0.983326637645807
AVIL,0.975158893130644
HOXC6,0.955629665249736
CCDC93,0.897543185699814
HNRNPUL1,0.89514680117632
SNRNP70,0.881862289310516
SGPP1,0.869491051169321
TP53AIP1,0.85641264323413
REEP1,0.856060796609021
CSNK2A1,0.8295653385025
WDR1,0.828951267679301
BSN,0.825692491725675
PON3,0.823411026590216
SLC35F1,0.819919743882707
TPD52,0.8125273357764
