Gene,Score
CPEB2,0.967165585176056
ARNTL,0.952068942907952
TIA1,0.939064556308228
HDAC9,0.912554675633669
POF1B,0.90783436129327
ZNF501,0.887277507494511
SHISA6,0.875648788611618
TMEM52B,0.865217448094945
SSFA2,0.857830326472982
TP53TG3C,0.848492860678374
TP53TG3D,0.847887035285803
TP53TG3,0.847335470584772
TMEM138,0.837151965509267
CBX1,0.835618592170549
LINS,0.829152368781575
PPP2R1B,0.829139006201393
C9orf153,0.825579671467808
WNK1,0.823494783027766
