Gene,Score
GRIA1,0.92044227719152
TXNDC11,0.873396147407601
TOMM40,0.828480607702273
GRIA3,0.818465386411655
VIL1,0.811324512458692
TEX14,0.806320649648449
STARD13,0.800585323675245
