Gene,Score
IGF2,0.890002925270316
AIFM3,0.88880034225535
MED20,0.881084249084501
E2F3,0.870204742555872
METTL13,0.864913200427195
CLEC16A,0.852546773798498
TP53TG3D,0.845904148524798
SNX25,0.817098930559488
