Gene,Score
FAM230A,0.966988862866269
SMG1,0.951308124178682
ZFYVE26,0.944037976266494
RP11-446E24.4,0.938593011929618
MITF,0.908896679887616
HAVCR1,0.903878182120206
GPR12,0.893663607459378
CYB5RL,0.886040488650209
C22orf42,0.870842589545607
VPS4A,0.818764103571432
DNAJC5G,0.804585831249218
