Gene,Score
EDEM3,0.921112670147436
EPHA4,0.839375088036536
EXOSC9,0.811419146729857
