Gene,Score
MECP2,0.984322034515625
CCDC7,0.945672008653925
OTX1,0.922466160488443
FAM175A,0.912522307797724
CBX8,0.889358205761301
GPHN,0.872257637932197
CLGN,0.841298453040027
AGPAT9,0.825160974835884
DCAF13,0.814335907609593
TLE3,0.806169048990162
FN1,0.804461968621045
