Gene,Score
CTD-2535L24.2,0.973807767353433
PNKP,0.962457680543776
WAPAL,0.930432175570258
FAM182B,0.905398592112052
TFAP2A,0.895083837245225
GOLIM4,0.879445265220925
PKP4,0.862063063556204
AIF1L,0.84867741679121
BTBD7,0.836697684858281
SMC2,0.835922350541468
NXF2B,0.814382161965542
PRIM2,0.807894101536543
NXF2,0.806980813706122
THADA,0.803069730746649
