Gene,Score
TP53TG3,0.991276317692656
TP53TG3C,0.991180229202633
TP53TG3D,0.991065001881998
DCP1A,0.921553527537872
XYLB,0.921145721993379
ERC2,0.887772304659488
PLEKHA7,0.88385998684699
FANCD2,0.867678078566584
BACE1,0.848194309635884
KDM2B,0.838991826253517
CKMT1B,0.837498444333859
PCNXL2,0.833106722305723
HINFP,0.825566558570735
DNTTIP2,0.825295001669538
