Gene,Score
AKAP6,0.948741280554689
ZIC1,0.848639772012605
SIGLEC6,0.843442184803016
ASXL2,0.820060647766534
