Gene,Score
SIX3,0.977774060655964
BCL9,0.937819679702781
HEBP2,0.927030580397936
OTOGL,0.908310164295529
KCTD16,0.89939871839284
RABIF,0.862816150745451
MAFA,0.832004591328531
CMSS1,0.816584392488175
