Gene,Score
NTRK2,0.998830221713085
ZNF208,0.982282398557082
RALGAPA1,0.93478888983063
KIAA1429,0.918119949740172
MAP3K4,0.907560933108044
DNMBP,0.900701592059419
FANCA,0.884704845045883
FOXP2,0.874325985380653
SLC25A24,0.852728144270509
SEZ6L,0.847074564569005
RNF165,0.842420739403191
C2,0.838649733794469
JMJD8,0.83327637605841
SOX17,0.831870535892899
CTD-2162K18.4,0.801663890886458
GPR173,0.800113220007819
