Gene,Score
TSHZ3,0.84725862221381
DDX56,0.842924340633601
DPP10,0.815491063922366
