Gene,Score
INTS1,0.905429602334164
SPATA5L1,0.855047832759663
PPIL2,0.847155421408278
