Gene,Score
ZZEF1,0.950471822824943
MTOR,0.93396850111056
RAVER2,0.922682196542267
SMARCA5,0.920144529896606
HS3ST3B1,0.911892346234901
NOX4,0.889161109964079
ST5,0.870225524311732
FZD8,0.865906869926083
KBTBD8,0.862470707952123
HS3ST2,0.85921131901884
PPM1H,0.845387678278484
THAP2,0.844676576374527
BAZ2A,0.841963119560566
GMPS,0.84100264889552
KDM6B,0.832259727134169
FZD5,0.827051148471099
RAP1B,0.825288290363294
AP1AR,0.801977937182805
