Gene,Score
C17orf96,0.999132861842144
FJX1,0.996265936109501
ATP1A2,0.989858008121117
KIF3B,0.97924400835815
BCCIP,0.973269440297343
METRNL,0.945537316308279
SETD8,0.943921299516185
ATXN7L3,0.926394048054146
TBC1D32,0.912159552356428
RBPMS,0.905450842079229
MEGF8,0.87991267689193
C1S,0.842152074119507
SLC25A20,0.826760865046647
BOLA1,0.806094701122479
SYN3,0.803304119368353
