Gene,Score
XPR1,0.895760881982262
RFPL3,0.87765679403187
DCAF6,0.8772485866286
ZNF814,0.848057495497312
NRG3,0.83550282300862
