Gene,Score
FAM27D1,0.992614105622082
TULP3,0.923277455073879
GPX1,0.881775471458945
LEF1,0.881346848224177
WDR49,0.858923989711568
CLIP3,0.858872251583042
PTCH1,0.845982694647347
EPPK1,0.822432801231757
GNG3,0.817097886062461
TMIGD2,0.813261327226456
CTD-2162K18.4,0.810043763279627
SLC6A18,0.809996206668511
COL27A1,0.802811401728614
