Gene,Score
ERBB4,0.960192484695434
WDFY4,0.932491743641008
PJA1,0.927876773023477
CDK17,0.913746941113566
SETMAR,0.902548832093828
ZNF280C,0.871886484682919
TCHH,0.843879318775575
HNRNPM,0.832334587588839
FAM230A,0.824636079305431
RNF168,0.805330220632697
CACNG7,0.801473525817038
