Gene,Score
SKOR1,0.83829943232001
BNIP1,0.821241051755686
LINC01118,0.818368496867984
ING3,0.802558612483023
GRB14,0.802354898419091
