Gene,Score
DICER1,0.937489977985209
CAMK2N1,0.908002415467385
HNRNPUL2,0.851394659971754
DLX5,0.832897621908042
HDGFRP3,0.817839609112417
KPNA1,0.811965508367529
WDR26,0.806913697352304
