Gene,Score
SLC7A11,0.843148004401135
FAM122B,0.836853364807018
CNBP,0.829187191839167
LYPD6,0.821528551174126
KCNMA1,0.805909100104207
