Gene,Score
ISL1,0.94468194084387
NPTN,0.924847523703946
LRRD1,0.909394708113157
LLGL1,0.893336835492143
TLR8,0.879423274005824
ZNF714,0.877529697260453
ZNF595,0.861600552546606
KCTD10,0.850301220977221
ATP5G2,0.846633424902726
ZFAND5,0.826805927554677
BSG,0.826209325421953
