Gene,Score
MDH1,0.898636667798818
KCNN3,0.89325146056193
XYLB,0.877333458022221
RAP2C,0.837641142412287
ZCCHC4,0.837145685400561
IK,0.809512685698049
FAM71D,0.80664771987327
