Gene,Score
SRSF5,0.999994934378626
CENPJ,0.941976151336968
TF,0.882835851909958
VARS,0.812306273332437
