Gene,Score
SLC35G6,0.927110216291826
DRICH1,0.915662995345417
HOXB6,0.902966297919057
CCDC106,0.87939935858001
DDX11,0.835452058905906
EMX2,0.831753083835096
NEGR1,0.811964633431629
