Gene,Score
PDZD9,0.936306786352522
RBM6,0.920516099622452
ANP32A,0.883014180643238
HNRNPUL1,0.881805873197033
BOLA2-SMG1P6,0.881770721006755
RBSN,0.875891166866445
AIF1L,0.874956084151356
