Gene,Score
ERV3-1,0.984364388651607
NT5DC2,0.969211792235075
COL4A2,0.909341869424693
SCN7A,0.893873931288053
FOXRED1,0.836905604690559
SERPINE2,0.825910380357988
