Gene,Score
ADGRL2,0.982456591234049
TRABD2B,0.937874759540441
FGD4,0.924781513106059
KIAA0319,0.840135695664646
UTRN,0.837206361778878
SLC30A1,0.836598914640629
NUP35,0.82570527020626
CS,0.821351154879359
GPATCH8,0.819952453576779
HMGB1,0.810345520151505
COIL,0.808231959463234
RHCG,0.808189868235178
CALB2,0.801914458687057
