Gene,Score
THSD7A,0.876228304736282
HMGB1,0.873288534715604
NUP35,0.861245695885784
FGD4,0.860972673403043
TRABD2B,0.850107262931841
SIK2,0.811980388285245
CS,0.808095843115978
