Gene,Score
SEPTIN12,0.992019104413104
IGDCC3,0.979833902483721
PABPN1,0.978411137321858
DDR1,0.967286687191638
SPTBN4,0.909382853997679
MROH7,0.899588045986584
MED13L,0.883874911765164
CMTM7,0.872256942109461
ABHD16A,0.848974392534223
ATG9B,0.847689805865306
FXYD5,0.841625571676591
ETFBKMT,0.829469079139176
SPEM2,0.822945456418088
ZNF189,0.822097527701404
ENST00000265715,0.814919407171684
WDR1,0.813605128493754
AC008878.2,0.813381619557171
