Gene,Score
NR1D1,0.992325870203078
CELF2,0.92331727964231
MAP2K4,0.903579325330394
RMC1,0.882545407885593
LHFPL3,0.877243015638919
TMEM178A,0.863067208794264
TMF1,0.862140745368763
PLD6,0.852254487252236
DMRT3,0.84500458814301
SMC4,0.842736637713933
C7,0.809582545721472
FNDC9,0.804131423927636
