Gene,Score
SZRD1,0.974340120011375
NT5DC2,0.908324818742676
SLC2A1,0.862241529193529
BCOR,0.861719483143471
DSC1,0.839197559894295
SPTBN4,0.816426999160441
ENST00000580749,0.814242813834814
NCBP2,0.807163016113696
PKDCC,0.802885206461445
