Gene,Score
FAM90A1,0.990085496104575
SAG,0.951256249942008
AC087289.3,0.950642643589426
C2,0.942978889596542
GPAA1,0.9130712278088
KCNH6,0.89692413334003
MBOAT7,0.878575984822176
ASRGL1,0.877147090141655
ENST00000451334,0.873766850411655
TUBB6,0.869951120835048
FAM90A26,0.860332341522081
MNDA,0.8537539837441
IFT122,0.853342595391689
TUBB3,0.844526870552986
CYP4B1,0.825382937868448
RNF31,0.818957817972032
C12orf40,0.812778369752302
