Gene,Score
UNG,0.917614513270759
THSD7A,0.912380870617458
ENST00000617938,0.91114331472728
ARL6IP6,0.896736178024174
SMPD4,0.885573610645941
ARMCX6,0.871948624631479
ST3GAL1,0.871770329960518
TBL1XR1,0.847197041242382
PXN,0.838012439408682
KCTD3,0.823559864279974
FRMD7,0.81001570421173
C22orf39,0.807974404404709
