Gene,Score
UBE2W,0.905067416100056
PURA,0.894551049186089
PLD2,0.88954745515333
ENST00000422132,0.885675297592742
BCHE,0.884480783559735
FAM106A,0.864624425511065
KMT2D,0.837152356158152
BUD13,0.823240169658276
SNX18,0.822524832380699
AC005480.2,0.816434670487366
CDK16,0.81582653703966
ACHE,0.809949249880269
