Gene,Score
PIK3R2,0.931545166789392
USF1,0.881806561464275
ZNF584,0.849879125943829
FAM216B,0.844779430757339
ZC3H6,0.818106558849777
CA14,0.816465685185711
GSTM2,0.812755958162773
PGGT1B,0.802658962000574
FBXW10,0.80039405236628
