Gene,Score
PHF21A,0.915133235288767
UQCRC1,0.884880995192773
IRS2,0.852427067696917
IGDCC3,0.80908396882014
