Gene,Score
NDC1,0.971518334566451
MRRF,0.958437584304472
RNF38,0.955244102840663
HIRA,0.944213205819047
SLC38A9,0.939461209561573
TTC29,0.924687658379574
NKX1-2,0.905977241790627
GALR1,0.900087100549243
TEX9,0.893859208305737
MIER3,0.893145991582418
PDZD2,0.882146577372127
CCDC90B,0.868747611287195
LMO3,0.846336325045563
WTAP,0.834472265594467
PHACTR2,0.834243339983627
LRP5,0.818913324744093
UBE2E3,0.818408726546134
RNF186,0.818024824768029
ZIC4,0.80892278946143
