Gene,Score
FAM20C,0.936427033633045
ZNF554,0.931813490674829
DPP4,0.905399308226982
TMEM71,0.888983467113743
MACROD2,0.883791107128698
TNXB,0.872477264059236
KCNJ3,0.84622928577991
CYB5R3,0.825948340064406
SPHK2,0.822635927682008
RMC1,0.818049243223303
AKR7A2,0.804936328776172
