Gene,Score
RUNX1T1,0.97802342331844
FOXL1,0.952428481068821
SETMAR,0.939426114048696
ENST00000313478,0.876469469546335
GLRA2,0.842022555920744
RPF2,0.827878937483167
IER3,0.818249498070936
TFPI2,0.817382369103298
SNRPB2,0.815532260880324
MRPS22,0.800882970962064
