Gene,Score
ZNF281,0.979037238050861
PGGT1B,0.961155069471393
NDUFB4,0.961072691256414
ACSS2,0.955221654726245
LHX4,0.952990386066729
PIEZO2,0.94463384389982
DDX23,0.916264161096391
CSNK1D,0.914070236269404
DEPDC5,0.906667439963463
FGFR2,0.898487250817751
TRIP6,0.884717207014871
PTPRK,0.874981817125761
ATP2B2,0.870917282108171
CCDC66,0.854362031306196
PRMT1,0.849439811992272
PAXBP1,0.848658879156556
DNHD1,0.834305880561117
ZNF141,0.826353677389393
