Gene,Score
PSMD1,0.989944839687273
OTP,0.941425427778471
MKLN1,0.936438130877209
ENST00000528395,0.924120043949241
C11orf86,0.920476215348178
CFB,0.904061381738989
RFC4,0.889081624029633
NKX2-2,0.884842440269641
GTF3C3,0.883707531936538
XCR1,0.860589609052654
MSL3,0.850893487349534
ADGRG1,0.850599835795958
PPP6C,0.840492181346769
SCPEP1,0.835359484782082
AIG1,0.829999882686915
RRP36,0.80517113540459
