Gene,Score
IP6K1,0.976005806826892
EIF5AL1,0.929054121470222
PEX2,0.906541425242123
FOXK2,0.904729344586953
YBX3,0.891496712011427
PRKACA,0.885082070153515
OGFOD3,0.88026854409001
BDKRB2,0.87713058173089
SLC27A1,0.865968295980404
FYB1,0.85265526975006
COL5A1,0.842417520081503
EIF4E2,0.809668705802202
CDCP1,0.804535945233065
MPPE1,0.803389492796443
