Gene,Score
ADGRL2,0.984672457158988
TRABD2B,0.953167741343266
FGD4,0.944587350915071
KIAA0319,0.861351863580981
UTRN,0.842124730342732
SLC30A1,0.836598914640629
NUP35,0.828679216704579
CS,0.821351154879359
GPATCH8,0.819952453576779
HMGB1,0.811280984903566
COIL,0.808231959463234
RHCG,0.80630184657349
SLC16A14,0.802467784487901
CALB2,0.802264846172262
