Gene,Score
PHF21A,0.924676698750747
UQCRC1,0.88280954283407
IRS2,0.865442525687118
IGDCC3,0.815484654146982
PABPN1,0.805987783121986
