Gene,Score
KCTD3,0.892187446042703
FRMD7,0.888076283291851
VPS37A,0.886020663877424
MECP2,0.868261767175078
C22orf39,0.860512667963687
ST3GAL1,0.827224512359391
RNF180,0.811724568669386
ENST00000617938,0.804526197467398
