Gene,Score
FGD4,0.961791659496486
NUP35,0.953682500686858
HMGB1,0.881517744971129
TRABD2B,0.857054949615868
CS,0.837233718381233
ADAMTS1,0.831015448630731
SIK2,0.825802876897314
THSD7A,0.81810612905959
COPRS,0.814668784883375
