Gene,Score
ZNF281,0.913317120738386
ENDOV,0.845714183587066
PAXBP1,0.842338285624236
C19orf53,0.834381699272942
CD24,0.817380148951988
TDRD3,0.806624978671193
FAM177B,0.800916767110619
