Gene,Score
UNG,0.90663380492968
ENST00000617938,0.903830133447699
ST3GAL1,0.886953820651807
KCTD3,0.878964283160452
THSD7A,0.870138988025069
SMPD4,0.868128060017536
ARMCX6,0.850700944520289
TBL1XR1,0.847345080157362
ARL6IP6,0.841932702860595
FRMD7,0.833972935178574
PXN,0.830374143205254
RNF180,0.806623877260201
