Gene,Score
FAM90A26,0.979483475982543
NUFIP2,0.964458321137704
CNGA2,0.916879029719711
UNC13B,0.916511001171293
PMP22,0.903868729882997
TMSB10,0.86957899985363
COPS7B,0.869116407129729
TECTB,0.809386064955863
REXO1,0.804501120454679
