Gene,Score
FAM227B,0.938434546132679
CFL1,0.840118731664666
