Gene,Score
AL713999.1,0.963460736473489
COPS8,0.950365455859654
ABHD8,0.920324689256992
GRM8,0.899386227786913
N4BP2L1,0.892550700276183
BRPF3,0.881349160294171
ST8SIA1,0.875133021354553
TM9SF4,0.873189031243914
WDR60,0.865881808812906
ACVR1,0.858127124739453
NTRK1,0.857544645721468
MAGI1,0.845617111445355
AC067968.1,0.829308232194473
RASA1,0.804710631884554
