Gene,Score
LHX5,0.964849378835411
KLHL2,0.954632898641978
RCOR1,0.947882501556862
IGLL1,0.921693570385329
KPNA2,0.866833662496549
KCNN2,0.864656629505243
KRTCAP3,0.862035294478338
UNC13B,0.846516977206913
TMEM95,0.842964861893048
MFSD5,0.839302029709999
SEPTIN1,0.821533584289917
C2CD2L,0.814979723629845
