Gene,Score
ENST00000617938,0.911011876386823
ARL6IP6,0.894091361326695
SMPD4,0.88455250570805
UNG,0.88042803916765
ARMCX6,0.855796006114476
TBL1XR1,0.847455631693486
ST3GAL1,0.844856953460397
PXN,0.836086293204296
