Gene,Score
AIF1L,0.945010823919243
RORA,0.927102382130499
ANP32A,0.883014180643238
ESCO2,0.872112445567015
MNT,0.851797305317521
HNRNPUL1,0.842178100967453
RBM6,0.829586578939518
CXXC5,0.815391948388101
SENP3-EIF4A1,0.81087068935845
