Gene,Score
UNG,0.90663380492968
ENST00000617938,0.904157499289152
ST3GAL1,0.886953820651807
KCTD3,0.884429788221273
THSD7A,0.876910211123048
SMPD4,0.869967181757069
ARL6IP6,0.85535097248319
ARMCX6,0.854527296621762
FRMD7,0.847371820328822
TBL1XR1,0.847345080157362
PXN,0.832164167026647
RNF180,0.806623877260201
