Gene,Score
PPIL3,0.907145230061629
FOXA2,0.89409892968102
NFIB,0.8776092135351
PPP1R9B,0.87685230262282
IFNL4,0.855706678805722
FHOD3,0.82974267035059
KIAA2026,0.818871452220314
LBX2,0.812390913529787
ZNF615,0.808778207273611
