Gene,Score
ERV3-1,0.984884386553178
NT5DC2,0.968894169660575
COL4A2,0.86733629078996
FOXRED1,0.815381598299979
