Gene,Score
VPS37A,0.879241292518421
MECP2,0.877294931601937
PARP8,0.841847689152954
C22orf39,0.837302848318041
CNOT7,0.805765881830971
