Gene,Score
PABPN1,0.980584507165614
IGDCC3,0.979969786702882
DDR1,0.950255275547524
MROH7,0.895249707994114
MED13L,0.886889595590749
ETFBKMT,0.877153717645311
CMTM7,0.869581857469598
FXYD5,0.842303455433174
ABHD16A,0.834774023517205
ZNF189,0.829917745482611
SPEM2,0.822226082505644
ATG9B,0.819712451368165
WDR1,0.81774667090182
ENST00000265715,0.814919407171684
NTRK1,0.813727234015259
AC008878.2,0.806054403674766
