Gene,Score
KCTD3,0.908362032507166
UNG,0.90663380492968
ENST00000617938,0.904258524911946
ST3GAL1,0.895021114532384
FRMD7,0.892355711924816
SMPD4,0.883380980338253
THSD7A,0.880198396230803
ARL6IP6,0.859795348011677
ARMCX6,0.85706123446589
TBL1XR1,0.847345080157362
PXN,0.838223745310686
RNF180,0.813700585803195
