Gene,Score
CHIC2,0.891351564779145
THSD7B,0.858303280580789
GTDC1,0.8519575553021
CFL1,0.811473482870167
