Gene,Score
HES7,0.982651311655294
VPS53,0.974794701305672
KCTD15,0.94867695036729
CIRBP,0.948141729198764
OGA,0.946674425436885
GMNC,0.899025640877023
TICAM2,0.874126657047173
TMED7-TICAM2,0.851652793923884
PRAMEF15,0.839384948127036
RC3H1,0.838303227547303
PRSS55,0.829910167013831
EIF2S3,0.828922364011616
ZNF808,0.814458197453616
NR1D2,0.807203575125976
