Gene,Score
CTNND2,0.997372386152979
LHX5,0.944636369853763
KLHL2,0.938594766116476
RCOR1,0.931556826418355
IGLL1,0.916484289589355
KPNA2,0.866833662496549
KCNN2,0.860249984775632
TMEM95,0.839112600975044
KRTCAP3,0.832253615444292
MFSD5,0.830373387939007
UNC13B,0.826266508749921
SEPTIN1,0.819034648412907
