Gene,Score
FGD4,0.8851803709307
NUP35,0.875566842267
HMGB1,0.873288534715604
TRABD2B,0.850107262931841
CS,0.837233718381233
THSD7A,0.81810612905959
COPRS,0.814668784883375
SIK2,0.814590753550684
