Gene,Score
ADGRL2,0.998919520925772
TRABD2B,0.937874759540441
FGD4,0.937318791763367
CS,0.848209811829378
RPS16,0.844271667514064
NUP35,0.84191420524367
CALB2,0.829386263154118
GPATCH8,0.821593679996737
KIAA0319,0.820542657477097
COIL,0.817613944322656
SLC30A1,0.816076751904731
HMGB1,0.815985347043959
EPM2AIP1,0.801464272739754
NRG3,0.800938380766405
