Gene,Score
VPS37A,0.879241292518421
MECP2,0.877243563655683
PARP8,0.837119316180753
C22orf39,0.801036459074412
CNOT7,0.800802405970948
