Gene,Score
ENST00000468418,0.970828781831289
SSBP2,0.956681297384328
UGT2B7,0.908180605028861
HNRNPUL1,0.903196392911325
VPS29,0.900241572964247
SUCO,0.891345861429162
RBMXL1,0.879982133204553
STC2,0.865142892136372
ARMC12,0.838165507781379
ZDHHC5,0.835723267065841
ATG16L1,0.824118982465174
DCTN4,0.819840843329145
KBTBD7,0.811722050231361
ERVV-1,0.801185515312949
