Gene,Score
ELP3,0.821060041596669
IGBP1,0.804977198577964
