Gene,Score
THSD7A,0.912380870617458
ENST00000617938,0.911121060202534
ARL6IP6,0.896736178024174
SMPD4,0.885788357073436
UNG,0.88465908345645
ARMCX6,0.871948624631479
ST3GAL1,0.870034630805361
TBL1XR1,0.847360389694965
PXN,0.837395234677775
FRMD7,0.81001570421173
