Gene,Score
FAM90A26,0.979483475982543
PMP22,0.899815613882079
UNC13B,0.882917316382459
TMSB10,0.86957899985363
CNGA2,0.865466397466876
MLYCD,0.841364307304456
COPS7B,0.833694214959217
REXO1,0.812019292548325
TECTB,0.809386064955863
