Gene,Score
ADGRL2,0.995703730687737
FGD4,0.972675167187612
TRABD2B,0.942322843587872
NUP35,0.892546674675514
NRG3,0.850565475789589
CS,0.848209811829378
RPS16,0.844271667514064
KIAA0319,0.823022151802866
GPATCH8,0.822773382346752
COIL,0.817613944322656
HMGB1,0.81645815888098
SLC30A1,0.816076751904731
DISP3,0.805846013345712
CALB2,0.802351928581533
EPM2AIP1,0.801464272739754
