Gene,Score
FGD4,0.913192624998807
NUP35,0.898538763280517
HMGB1,0.880890042495633
TRABD2B,0.850107262931841
CS,0.837233718381233
SIK2,0.824946650772597
THSD7A,0.81810612905959
COPRS,0.814668784883375
