Gene,Score
STX4,0.940890415552408
YWHAH,0.929072904965921
GAS8,0.916236317156246
CAMK1,0.890118163952543
DET1,0.883479929533654
GOLGA6L2,0.859101016496541
CCDC90B,0.847981884199673
LONP1,0.841360577286224
PAK6,0.837786117460464
IFT27,0.832449617036968
CABP2,0.831397297230524
TREH,0.823236548455734
SHISAL1,0.819608008947288
SNX27,0.811203781346898
