Gene,Score
RUBCNL,0.931252304463143
RBM17,0.879665110290076
TMSB10,0.840251781464875
MYDGF,0.815109814134686
MATN1,0.811987844393398
