Gene,Score
FAM106A,0.965451752572713
KCNT1,0.92605149690038
LRRN3,0.909615400654047
LRRC27,0.904041363559203
ZDHHC13,0.885531708533202
AC011511.4,0.878570459072573
PTMA,0.847929873385408
ENST00000339659,0.835888464479055
CARS1,0.834578055242643
SRRM3,0.834432494130637
PDGFRB,0.834108245971015
SRSF5,0.812986593491028
FBXO33,0.810169692224077
TIMM22,0.805647405716677
BBS2,0.804092039820712
ABTB1,0.800910255171532
DCLK1,0.800412671218953
