Gene,Score
ERV3-1,0.984347961511607
NT5DC2,0.968502649436719
COL4A2,0.928629471360417
SCN7A,0.893873931288053
FOXRED1,0.836905604690559
SERPINE2,0.825910380357988
