Gene,Score
NT5DC2,0.990511062300363
COL4A2,0.967843730583608
FOXRED1,0.924094255547512
SEMA5B,0.881123389702779
INTS8,0.874862381202664
CDC34,0.873630751663958
SCN7A,0.861116428943743
TM4SF4,0.850303966209967
LRRC4B,0.841131359045164
MROH5,0.837464372460727
EMD,0.81519249870801
DPP6,0.808639311324359
CIB3,0.802653180982124
SERPINE2,0.802025898088178
