Gene,Score
VPREB1,0.871606974216642
SLC7A6,0.82748416524835
ACIN1,0.82420999723104
BMP4,0.803260045412241
