Gene,Score
TRIO,0.910334656011318
COG1,0.842439858316692
HOXA10,0.835833957987636
MLXIPL,0.821116285581575
