Gene,Score
XKR7,0.928960043949153
SERF1B,0.92514878555764
SERF1A,0.924633395289104
CHST11,0.894465451581093
FLRT3,0.884865546741269
LTBP3,0.869550585365996
DHX30,0.848953096832079
GRIK5,0.845211008851473
SAMD4A,0.843391674877591
MMP16,0.833557108946811
CDK5RAP3,0.83063086486207
ZNF142,0.828949595774007
PKD1,0.828836657232516
PARP15,0.826738044749885
BZW1,0.825806325624842
DOCK5,0.813684090547837
CYP26C1,0.806265112791445
