Gene,Score
ADGRL2,0.995703730687737
FGD4,0.95991914240836
TRABD2B,0.937874759540441
NUP35,0.864680045538754
CS,0.848209811829378
RPS16,0.844271667514064
NRG3,0.837098202481708
KIAA0319,0.823022151802866
GPATCH8,0.822624254069186
COIL,0.817613944322656
HMGB1,0.81645815888098
SLC30A1,0.816076751904731
CALB2,0.801914458687057
EPM2AIP1,0.801464272739754
