Gene,Score
FRMD7,0.888076283291851
VPS37A,0.886020663877424
KCTD3,0.875058258851912
MECP2,0.867213512484541
C22orf39,0.83334222550022
ST3GAL1,0.814614794487146
ENST00000617938,0.804287222397306
