Gene,Score
PDZD9,0.936306786352522
RBM6,0.920878824181754
ANP32A,0.883014180643238
HNRNPUL1,0.878519599371864
RBSN,0.873528838081507
AIF1L,0.873523465450911
TBC1D8,0.806668803112042
