Gene,Score
SLC9A5,0.969787208271697
LUC7L,0.94708041075682
SNX29,0.832039620548775
FOXF1,0.815621403073773
