Gene,Score
NR1D1,0.987506692269271
ARHGAP22,0.93936662970849
DNTTIP2,0.866073961019439
TTLL11,0.863586288990735
SP9,0.857839764511149
FNDC9,0.843391951576147
GRIN2B,0.83346660282629
PCDHA6,0.829961154163264
B3GLCT,0.822375896703773
RAP1B,0.817841295203604
APP,0.816327279216492
B3GALNT1,0.81162216900098
