Gene,Score
MLLT3,0.926050283792668
XKR5,0.90795163145184
PRKG2,0.905306770226536
WEE1,0.88598028191875
DMBT1,0.873783707707629
NFIB,0.871610138842865
PROCA1,0.860817837137403
UST,0.860499473317064
AC093155.3,0.859538984758001
GRIN2A,0.83772348888602
ZDHHC23,0.826061817593371
MCHR1,0.809921347054731
