Gene,Score
WEE1,0.885085088169288
DMBT1,0.861437279004
NFIB,0.861067084334337
PROCA1,0.855011853984024
AC093155.3,0.853013282902194
UST,0.835498427455189
CAMK2B,0.835124353798268
SYDE1,0.830611013746295
