Gene,Score
LHX5,0.953946403109549
KLHL2,0.945066667599662
RCOR1,0.93265795836915
IGLL1,0.921693570385329
KPNA2,0.866833662496549
KCNN2,0.864656629505243
UNC13B,0.841472141221411
TMEM95,0.838034692281951
MFSD5,0.8367625461795
KRTCAP3,0.83564492271574
SEPTIN1,0.821648029152719
