Gene,Score
ERV3-1,0.984364388651607
NT5DC2,0.969636453655153
COL4A2,0.909341869424693
SCN7A,0.889137982195689
FOXRED1,0.836905604690559
SERPINE2,0.821995856457898
