Gene,Score
GALNT14,0.869504875631772
NGDN,0.842455298735238
RUFY4,0.827003688075593
