Gene,Score
ADGRL2,0.98887378961463
TRABD2B,0.937874759540441
FGD4,0.91354077790285
CS,0.848209811829378
RPS16,0.844271667514064
CALB2,0.829631800819261
NUP35,0.82421437284742
GPATCH8,0.820160967509686
COIL,0.817613944322656
SLC30A1,0.816076751904731
HMGB1,0.810345520151505
EPM2AIP1,0.801464272739754
