Gene,Score
VPS37A,0.884085469579314
C22orf39,0.883669553230052
MECP2,0.87937255724288
PARP8,0.841847689152954
CNOT7,0.805765881830971
