Gene,Score
FRMD7,0.887016419013838
VPS37A,0.886020663877424
MECP2,0.862487681159618
KCTD3,0.82615667885616
ST3GAL1,0.812799630208027
ENST00000617938,0.803336004332007
C22orf39,0.801036459074412
