Gene,Score
ZNF606,0.966599509144055
CCM2L,0.961483294848804
ETV5,0.917365444973656
ZNF141,0.885640782472728
MAGI1,0.872325853733461
FAM222B,0.867100360807008
FBXO45,0.856817573397042
PITPNC1,0.844466030516884
FAM153CP,0.837390754567547
NRG1,0.827747882336853
BOK,0.824123891675979
CAVIN3,0.823178918733762
SETX,0.822369802571977
KXD1,0.813813895591267
TEC,0.80968587413217
