Gene,Score
PHF21A,0.88588313862793
FOXF1,0.817855737704762
TRIO,0.804620666164429
LUC7L,0.803883947393819
