Gene,Score
MAGEA10,0.90221079350199
RRP36,0.884450426990172
PSMD1,0.816049817982153
