Gene,Score
LHX5,0.972674500739604
KLHL2,0.968709108609442
RCOR1,0.955847669712286
IGLL1,0.921693570385329
KRTCAP3,0.896858133650401
KCNN2,0.879685467059874
KPNA2,0.866833662496549
MFSD5,0.865269940784397
UNC13B,0.846516977206913
TMEM95,0.842063768984832
C2CD2L,0.831044384929158
SEPTIN1,0.821533584289917
