Gene,Score
TM9SF1,0.954749098818613
PSMD3,0.926866319128454
TOR4A,0.881390583357757
RBM14-RBM4,0.8179360004928
