Gene,Score
KCNJ6,0.914958665605651
PRDM6,0.899066266851986
PDZD2,0.881787162905846
SLC38A9,0.877467786646542
HIRA,0.869460639550482
YWHAG,0.853447043016671
NFAT5,0.837878202439266
KIR3DX1,0.837837029538168
TMEM63B,0.826613753277405
LRP5,0.812680735004127
KCNJ15,0.811235980082539
