Gene,Score
VPS37A,0.871654978758233
MECP2,0.861198572599819
FRMD7,0.811226643899906
