Gene,Score
FGD4,0.943990037678409
NUP35,0.925497987431573
HMGB1,0.881517744971129
TRABD2B,0.850107262931841
CS,0.837233718381233
SIK2,0.825802876897314
THSD7A,0.81810612905959
COPRS,0.814668784883375
