Gene,Score
JUND,0.950850310740136
CBX4,0.892756848380261
AC005726.1,0.849103589948572
BBS5,0.829661232243409
