Gene,Score
SLC25A17,0.953466409180154
RFX8,0.930882061119429
APOF,0.923596322588712
ENST00000510627,0.922004811981625
ANKRD36C,0.90433850189412
CXCL2,0.882147345889633
SRGAP2,0.880611082760892
SEC16B,0.880073975054229
RNFT1,0.864684034254854
TRIB1,0.860171589837965
ALG13,0.82909496298556
NUFIP1,0.823295264927068
MRPS9,0.817271779418917
