Gene,Score
PEA15,0.935848471116329
ENST00000438485,0.935458793853179
MLLT6,0.872397587986465
ATG5,0.834354119939704
TBX22,0.802428199225989
