Gene,Score
HES7,0.982651311655294
VPS53,0.973311682695202
KCTD15,0.94867695036729
OGA,0.946674425436885
CIRBP,0.945288308272191
GMNC,0.899025640877023
TICAM2,0.87007482825337
TMED7-TICAM2,0.847340667601673
RC3H1,0.838303227547303
PRSS55,0.829910167013831
EIF2S3,0.828922364011616
PRAMEF15,0.824473058018149
ZNF808,0.814458197453616
NR1D2,0.807203575125976
