Gene,Score
VPS37A,0.885225864632491
MECP2,0.86206533604585
FRMD7,0.838046359850357
ST3GAL1,0.803682230367608
ENST00000617938,0.802627510485891
