Gene,Score
ABCA6,0.96359250222017
GLT6D1,0.960260159554197
ZNF384,0.939103572784569
MYO6,0.909561958843213
MARCHF9,0.890443606634786
ZNF429,0.884851091702919
SLC30A10,0.850632404878436
IGSF22,0.826273336221646
TBPL1,0.825826976751099
TSPAN7,0.802479486691345
ARPP21,0.800555419441231
