Gene,Score
KCTD3,0.955993858317067
ST3GAL1,0.907327731759659
UNG,0.90663380492968
ENST00000617938,0.904429773922664
SMPD4,0.898224091074666
FRMD7,0.893328486752797
THSD7A,0.880198396230803
ARL6IP6,0.859795348011677
ARMCX6,0.85706123446589
TBL1XR1,0.847358583445957
PXN,0.845219805297773
RNF180,0.834590374220966
C22orf39,0.815002613953697
ENST00000373200,0.802426710197555
