Gene,Score
SERPIND1,0.868998784382154
PTPRK,0.807028136823703
