Gene,Score
VPS37A,0.883542496294524
MECP2,0.878334487598252
C22orf39,0.850326170994232
PARP8,0.841847689152954
CNOT7,0.805765881830971
