Gene,Score
VPS37A,0.886020663877424
FRMD7,0.867255016694509
MECP2,0.862466865836246
ST3GAL1,0.805510742184753
ENST00000617938,0.803336004332007
