Gene,Score
NT5DC2,0.990774040127471
COL4A2,0.934860213434833
FOXRED1,0.908192145875978
INTS8,0.863978047329547
CDC34,0.863697993639781
LRRC4B,0.839000337583411
TM4SF4,0.827288276046129
SEMA5B,0.813304754459209
MROH5,0.809247208109037
EMD,0.805013524624947
CIB3,0.802653180982124
