Gene,Score
ST3GAL1,0.910282533495244
ENST00000617938,0.907209581385925
THSD7A,0.887824019420751
SMPD4,0.884512560848251
ARL6IP6,0.873351173956434
ARMCX6,0.870730256198536
KCTD3,0.860000317189014
UNG,0.8514186489531
TBL1XR1,0.847194213585401
PXN,0.82424435464237
RNF180,0.811346876967523
FRMD7,0.805405220830327
TCP10L,0.805271027869131
