Gene,Score
LAMTOR5,0.939255342287554
ENST00000617938,0.906054214908235
SMPD4,0.86118453174464
TBL1XR1,0.847615562998093
ARMCX6,0.846845655930583
ST3GAL1,0.844856953460397
UNG,0.844402963500607
ARL6IP6,0.840927724039062
PXN,0.81672909976211
