Gene,Score
ERV3-1,0.984364388651607
NT5DC2,0.969367627062063
COL4A2,0.909341869424693
SCN7A,0.879385555052832
FOXRED1,0.834069753866468
SERPINE2,0.810168051829731
