Gene,Score
LHX5,0.978752603302287
KLHL2,0.969766337479667
RCOR1,0.957499419021402
IGLL1,0.925477021027174
KRTCAP3,0.899671327705724
KCNN2,0.882818186017968
MFSD5,0.867665086488079
KPNA2,0.866833662496549
UNC13B,0.846516977206913
TMEM95,0.84188745297202
C2CD2L,0.833935350764991
SEPTIN1,0.821533584289917
