Gene,Score
LHX5,0.960754946687719
KLHL2,0.952529830871764
RCOR1,0.945032565128142
IGLL1,0.921693570385329
KPNA2,0.866833662496549
KCNN2,0.864656629505243
KRTCAP3,0.852309528615681
UNC13B,0.844627272014695
TMEM95,0.84182323177804
MFSD5,0.839302029709999
SEPTIN1,0.821581178379903
C2CD2L,0.810769571216285
