Gene,Score
FGD4,0.922990700698141
NUP35,0.881507969250437
THSD7A,0.876228304736282
TRABD2B,0.87497789477324
HMGB1,0.874563854086248
SIK2,0.818923136873914
KIAA0319,0.811620917641278
CS,0.808095843115978
