Gene,Score
WEE1,0.885085088169288
NFIB,0.869563752520106
UST,0.864962617067501
DMBT1,0.859676862593826
PROCA1,0.855011853984024
AC093155.3,0.853013282902194
