Gene,Score
TRIO,0.910180170752175
COG1,0.842439858316692
HOXA10,0.836837079083628
MLXIPL,0.821081445046418
