Gene,Score
PEA15,0.935848471116329
ENST00000438485,0.935458793853179
MLLT6,0.844129423284832
ATG5,0.829860026033464
TBX22,0.802428199225989
