Gene,Score
ENST00000617938,0.911011876386823
THSD7A,0.909300761466484
ARL6IP6,0.896736178024174
SMPD4,0.885788357073436
UNG,0.88465908345645
ARMCX6,0.868280809388808
ST3GAL1,0.852204689373591
TBL1XR1,0.847405372389174
PXN,0.837395234677775
FRMD7,0.806558759544662
