Gene,Score
ERV3-1,0.984364388651607
NT5DC2,0.968147330761926
COL4A2,0.909341869424693
SCN7A,0.860626863010539
FOXRED1,0.831222218053656
