Gene,Score
PSMD1,0.989944839687273
OTP,0.941425427778471
ENST00000528395,0.928458512911827
C11orf86,0.920476215348178
MKLN1,0.919597982277302
CFB,0.904061381738989
RFC4,0.889081624029633
NKX2-2,0.884842440269641
GTF3C3,0.883707531936538
XCR1,0.860589609052654
ADGRG1,0.850599835795958
MSL3,0.84467619305232
PPP6C,0.840492181346769
SCPEP1,0.835359484782082
AIG1,0.802547750587885
RRP36,0.801578219314485
