Gene,Score
HES7,0.995421943649565
VPS53,0.982253716395754
RC3H1,0.90564934996621
OGA,0.899441134581871
GMNC,0.889496092121332
EIF2S3,0.885266023588304
KCTD15,0.882388997868159
CIRBP,0.874179930296987
PRAMEF15,0.81762717003295
