Gene,Score
HDDC2,0.958704256467377
SLC25A45,0.885742699705119
AC137834.1,0.851732153663586
ANKRD11,0.843959562844621
CDHR3,0.832610943941612
HNRNPUL1,0.813962116435575
