Gene,Score
UNG,0.90663380492968
ENST00000617938,0.904258524911946
ST3GAL1,0.888589310305084
KCTD3,0.884429788221273
THSD7A,0.880198396230803
SMPD4,0.877034646706323
FRMD7,0.874218770511034
ARL6IP6,0.859795348011677
ARMCX6,0.855796006114476
TBL1XR1,0.847345080157362
PXN,0.838191733021174
RNF180,0.806623877260201
