Gene,Score
PIK3R2,0.939748119770526
USF1,0.884328440368593
ZNF584,0.849879125943829
FAM216B,0.844779430757339
CA14,0.828098601646005
ZC3H6,0.818106558849777
GSTM2,0.810485294293878
PGGT1B,0.807106931460851
FBXW10,0.800298750642968
