Gene,Score
CTBP2,0.952668801389272
NSUN4,0.9361507966009
ITGB1,0.927531326770002
PBX1,0.926959921593268
PRDM16,0.898487847980959
EMC8,0.89060554115168
RAD17,0.881016916587789
BEST1,0.870511046762072
ENST00000619243,0.868560789638346
STK11,0.860212889775616
ENST00000478113,0.854158043634271
MAGEA1,0.829477338752212
ZNF831,0.829230379981454
CBWD2,0.823819271838744
CBWD5,0.820723996066556
TLCD5,0.814758014047852
PRDM11,0.810116434485876
NUTM2E,0.800728662050446
