Gene,Score
HES7,0.995421943649565
VPS53,0.988881182413467
RC3H1,0.905524831833826
GMNC,0.889496092121332
EIF2S3,0.885266023588304
KCTD15,0.882388997868159
CIRBP,0.874179930296987
OGA,0.865366420948304
PRAMEF15,0.816652858084885
