Gene,Score
NUFIP2,0.985080842877292
PMP22,0.929070011475169
RBM17,0.879665110290076
MYDGF,0.842183244372871
TMSB10,0.840251781464875
