Gene,Score
NT5DC2,0.990550412078177
COL4A2,0.967843730583608
FOXRED1,0.927813995027698
SEMA5B,0.903099243431082
SCN7A,0.889274411669174
CDC34,0.881210630253581
INTS8,0.87433368668572
MROH5,0.86129298522395
TM4SF4,0.850303966209967
LRRC4B,0.841131359045164
SERPINE2,0.831729801694014
EMD,0.825284640639587
DPP6,0.811714167495677
CIB3,0.802653180982124
