Gene,Score
KIF1B,0.970583274360681
CTBP1,0.954893736729275
ASRGL1,0.938730431518988
CRK,0.897418925179609
AGO4,0.86982003247551
TEKT3,0.8231771330022
