Gene,Score
GLT6D1,0.976834628285828
ABCA6,0.97610598981906
ZNF384,0.939264859095321
MARCHF9,0.91682116209767
MYO6,0.914706088792028
ZNF429,0.8835467023725
SLC30A10,0.850632404878436
TSPAN7,0.834467480549025
TBPL1,0.830772003321444
IGSF22,0.829342338180413
UGT2A1,0.817471404382121
ARPP21,0.808272778300688
